Matching.Attribute;biogrid;Ensembl;Ensembl by Entrez/NCBI combined;Label;Human Readable Label;entrez gene/locuslink;ncbi_gene_id;cl1.Status
ENSG00000107643;111585;ENSG00000107643;ENSG00000107643;MAPK8;SAPK1c;SAPK1c|MAPK8|JNK21B1/2|JNK|5599|JNK1|SAPK1|PRKM8|JNK-46|JNK1A2;5599;Outlier
ENSG00000112679;121264;ENSG00000112679;ENSG00000112679;DUSP22;DUSP22;56940|DUSP22|RP11-328C17.1|LMW-DSP2|JKAP|JSP-1|MKPX|VHX|JSP1|MKP-x|LMWDSP2;56940;"Outlier;Overlap"
ENSG00000119383;111516;ENSG00000119383;ENSG00000119383;PTPA;PTPA;PTPA|PPP2R4|PR53|5524|PP2A|RP11-247A12.4;5524;"Outlier;Overlap"
ENSG00000149554;107536;ENSG00000149554;ENSG00000149554;CHEK1;CHK1;CHK1|1111|CHEK1;1111;Outlier
ENSG00000154640;116150;ENSG00000154640;ENSG00000154640;BTG3;BTG3;BTG3|TOFA|TOB55|ANA|TOB5|10950;10950;Outlier
ENSG00000125170;120837;ENSG00000125170;ENSG00000125170;DOK4;DOK4;DOK4|55715;55715;"Cluster;Outlier"
ENSG00000078747;123747;ENSG00000078747;ENSG00000078747;ITCH;dJ468O1.1;dJ468O1.1|ITCH|AIP4|NAPP1|AIF4|ADMFD|83737;83737;"Cluster;Outlier"
ENSG00000082458;108085;ENSG00000082458;ENSG00000082458;DLG3;XLMR;XLMR|MRX|NEDLG|1741|DLG3|RP11-291O7.3|MRX90|SAP102|PPP1R82;1741;Outlier
ENSG00000186153;119707;ENSG00000186153;ENSG00000186153;WWOX;WWOX;WWOX|SCAR12|SDR41C1|FOR|51741|HHCMA56|WOX1|PRO0128|D16S432E|FRA16D;51741;"Cluster;Outlier"
ENSG00000069869;110811;ENSG00000069869;ENSG00000069869;NEDD4;NEDD4-1;NEDD4-1|PIG53|NEDD4|4734|RPF1;4734;"Cluster;Outlier"
ENSG00000181852;115488;ENSG00000181852;ENSG00000181852;RNF41;NRDP1;NRDP1|10193|SBBI03|FLRF|RNF41;10193;Outlier
ENSG00000196363;116272;ENSG00000196363;ENSG00000196363;WDR5;BIG-3;11091|BIG-3|SWD3|WDR5|CFAP89;11091;Outlier
ENSG00000118058;110443;ENSG00000118058;ENSG00000118058;KMT2A;MLL1;MLL1|hCG_1732268|HTRX1|TET1-MLL|4297|KMT2A|MLL|CXXC7|HRX|WDSTS|TRX1|ALL-1|MLL/GAS7|MLL1A;4297;"Cluster;Outlier"
ENSG00000164985;116339;ENSG00000164985;ENSG00000164985;PSIP1;DFS70;DFS70|LEDGF|PSIP2|PSIP1|11168|p52|PAIP|p75;11168;Outlier
ENSG00000136997;110694;ENSG00000136997;ENSG00000136997;MYC;c-Myc;4609|c-Myc|MYC|MYCC|MRTL|bHLHe39;4609;Outlier
ENSG00000129691;114528;ENSG00000129691;ENSG00000129691;ASH2L;ASH2;ASH2|Bre2|9070|ASH2L|ASH2L2|ASH2L1;9070;"Cluster;Outlier"
ENSG00000127329;111751;ENSG00000127329;ENSG00000127329;PTPRB;VEPTP;VEPTP|PTPRB|HPTPB|PTPB|R-PTP-BETA|5787|HPTP-BETA;5787;"Cluster;Outlier"
ENSG00000184937;113327;ENSG00000184937;ENSG00000184937;WT1;EWS-WT1;EWS-WT1|WT1|WT33|GUD|NPHS4|WIT-2|7490|AWT1|WAGR;7490;Outlier
ENSG00000096070;118036;ENSG00000096070;ENSG00000096070;BRPF3;RP3-524E15.1;RP3-524E15.1|27154|BRPF3;27154;"Cluster;Outlier"
ENSG00000163875;122280;ENSG00000163875;ENSG00000163875;MEAF6;MEAF6;MEAF6|RP3-423B22.2|NY-SAR-91|EAF6|64769|C1orf149|CENP-28;64769;"Cluster;Outlier"
ENSG00000156983;113614;ENSG00000156983;ENSG00000156983;BRPF1;BRPF1;BRPF1|7862|BR140;7862;"Cluster;Outlier"
ENSG00000113575;111507;ENSG00000113575;ENSG00000113575;PPP2CA;PPP2CA;PPP2CA|RP-C|PP2Ac|PP2Calpha|5515|PP2CA;5515;Cluster
ENSG00000118689;108598;ENSG00000118689;ENSG00000118689;FOXO3;AF6q21;AF6q21|FKHRL1|FOXO3A|FOXO3|2309|FOXO2|FKHRL1P2;2309;"Cluster;Outlier"
ENSG00000112715;113265;ENSG00000112715;ENSG00000112715;VEGFA;MVCD1;MVCD1|7422|RP1-261G23.1|VEGF|VPF|VEGFA;7422;Cluster
ENSG00000102010;107128;ENSG00000102010;ENSG00000102010;BMX;PSCTK3;660|PSCTK3|BMX|ETK|PSCTK2;660;"Cluster;Outlier"
ENSG00000167548;113758;ENSG00000167548;ENSG00000167548;KMT2D;KMS;KMS|KMT2D|AAD10|KABUK1|MLL2|TNRC21|MLL4|ALR|CAGL114|8085;8085;"Cluster;Outlier"
ENSG00000102871;114257;ENSG00000102871;ENSG00000102871;TRADD;Hs.89862;Hs.89862|TRADD|8717;8717;"Cluster;Outlier"
ENSG00000170689;109459;ENSG00000170689;ENSG00000170689;HOXB9;HOX2;3219|HOX2|HOX-2.5|HOXB9|HOX2E;3219;"Cluster;Outlier"
ENSG00000144554;108474;ENSG00000144554;ENSG00000144554;FANCD2;FANCD2;FANCD2|2177|FA-D2|FA4|FAD|FAD2|FACD|FANCD;2177;Outlier
ENSG00000156650;117069;ENSG00000156650;ENSG00000156650;KAT6B;MYST4;MYST4|MORF|KAT6B|ZC2HC6B|querkopf|23522|GTPTS|qkf|MOZ2;23522;"Cluster;Outlier"
ENSG00000159388;113593;ENSG00000159388;ENSG00000159388;BTG2;PC3;PC3|BTG2|7832|TIS21;7832;"Cluster;Outlier"
ENSG00000146072;118090;ENSG00000146072;ENSG00000146072;TNFRSF21;UNQ437/PRO868;UNQ437/PRO868|27242|BM-018|DR6|CD358|TNFRSF21;27242;"Cluster;Outlier"
ENSG00000142192;106848;ENSG00000142192;ENSG00000142192;APP;APP;APP|AAA|ABETA|CTFgamma|PN-II|PN2|APPI|CVAP|AD1|351|ABPP;351;"Cluster;Outlier"
ENSG00000137693;115684;ENSG00000137693;ENSG00000137693;YAP1;YAP1;YAP1|YAP2|YAP65|COB1|YKI|YAP|10413;10413;"Cluster;Outlier"
ENSG00000102755;108609;ENSG00000102755;ENSG00000102755;FLT1;FLT1;FLT1|VEGFR1|2321|VEGFR-1|FLT-1|FLT;2321;"Cluster;Overlap"
ENSG00000147443;114508;ENSG00000147443;ENSG00000147443;DOK2;DOK2;DOK2|9046|p56DOK|p56dok-2;9046;"Cluster;Outlier"
ENSG00000161203;107587;ENSG00000161203;ENSG00000161203;AP2M1;AP50;AP50|1173|mu2|AP2M1|CLAPM1;1173;"Cluster;Outlier"
ENSG00000166501;111565;ENSG00000166501;ENSG00000166501;PRKCB;PRKCB2;PRKCB2|PRKCB1|PRKCB|5579|PKC-beta|PKCB;5579;"Cluster;Outlier"
ENSG00000102606;114393;ENSG00000102606;ENSG00000102606;ARHGEF7;PIXB;PIXB|8874|P50|P85|RP11-494P5.1|Nbla10314|P50BP|P85COOL1|P85SPR|ARHGEF7|PAK3|COOL1|BETA-PIX|COOL-1;8874;"Cluster;Outlier"
ENSG00000101336;109305;ENSG00000101336;ENSG00000101336;HCK;HCK;HCK|RP5-836N17.3|p59Hck|3055|JTK9|p61Hck;3055;"Cluster;Outlier"
ENSG00000154127;124390;ENSG00000154127;ENSG00000154127;UBASH3B;TULA-2;TULA-2|UBASH3B|STS1|p70|TULA2|84959|STS-1;84959;"Cluster;Outlier"
ENSG00000151491;108373;ENSG00000151491;ENSG00000151491;EPS8;EPS8;EPS8|2059|DFNB102;2059;"Cluster;Outlier"
ENSG00000254087;110245;ENSG00000254087;ENSG00000254087;LYN;LYN;LYN|p53Lyn|p56Lyn|4067|JTK8;4067;Outlier
ENSG00000253729;111577;ENSG00000253729;ENSG00000253729;PRKDC;DNAPK;5591|DNAPK|HYRC|DNA-PKcs|XRCC7|PRKDC|IMD26|p350|DNPK1|HYRC1;5591;"Cluster;Outlier"
ENSG00000176105;113357;ENSG00000176105;ENSG00000176105;YES1;HsT441;HsT441|YES1|c-yes|P61-YES|Yes|7525;7525;"Cluster;Outlier"
ENSG00000129515;121852;ENSG00000129515;ENSG00000129515;SNX6;MSTP010;58533|MSTP010|TFAF2|SNX6;58533;"Cluster;Outlier"
ENSG00000085832;108374;ENSG00000085832;ENSG00000085832;EPS15;AF-1P;AF-1P|AF1P|EPS15|MLLT5|2060;2060;"Cluster;Outlier"
ENSG00000198712;110616;ENSG00000198712;ENSG00000198712;MT-CO2;COII;COII|COX2|4513|MTCO2;4513;"Cluster;Outlier"
ENSG00000168374;106873;ENSG00000168374;ENSG00000168374;ARF4;ARF4;ARF4|ARF2|378;378;"Cluster;Outlier"
ENSG00000099942;107789;ENSG00000099942;ENSG00000099942;CRKL;CRKL;1399|CRKL;1399;"Cluster;Outlier"
ENSG00000165527;106877;ENSG00000165527;ENSG00000165527;ARF6;ARF6;382|ARF6;382;"Cluster;Outlier"
ENSG00000044115;107876;ENSG00000044115;ENSG00000044115;CTNNA1;CTNNA1;1495|CTNNA1|CAP102;1495;"Cluster;Outlier"
ENSG00000096384;109558;ENSG00000096384;ENSG00000096384;HSP90AB1;D6S182;D6S182|3326|HSP90AB1|RP1-302G2.1|HSP90B|HSPC2|HSPCB|HSP84;3326;"Cluster;Outlier"
ENSG00000147010;119029;ENSG00000147010;ENSG00000147010;SH3KBP1;SH3KBP1;SH3KBP1|30011|HSB-1|RP11-345L8.1|CIN85|HSB1|MIG18|CD2BP3|GIG10;30011;"Cluster;Outlier"
ENSG00000160293;113253;ENSG00000160293;ENSG00000160293;VAV2;VAV-2;7410|VAV-2|VAV2;7410;"Cluster;Outlier"
ENSG00000162434;109919;ENSG00000162434;ENSG00000162434;JAK1;JTK3;JTK3|3716|JAK1B|JAK1A|JAK1;3716;"Cluster;Outlier"
ENSG00000000938;108559;ENSG00000000938;ENSG00000000938;FGR;FGR;FGR|p55c-fgr|p58-Fgr|p58c-fgr|2268|c-src2|SRC2|RP1-159A19.2|c-fgr|p55-Fgr;2268;"Cluster;Outlier"
ENSG00000061938;115485;ENSG00000061938;ENSG00000061938;TNK2;TNK2;TNK2|ACK1|ACK|10188|p21cdc42Hs|ACK-1;10188;"Cluster;Outlier"
ENSG00000105568;111510;ENSG00000105568;ENSG00000105568;PPP2R1A;PP2AAALPHA;PP2AAALPHA|PPP2R1A|PP2A-Aalpha|PR65A|5518;5518;Outlier
ENSG00000063245;118965;ENSG00000063245;ENSG00000063245;EPN1;EPN1;EPN1|29924;29924;"Cluster;Outlier"
ENSG00000105976;110391;ENSG00000105976;ENSG00000105976;MET;RCCP2;4233|RCCP2|HGFR|c-Met|MET|AUTS9;4233;"Cluster;Outlier"
ENSG00000170345;108636;ENSG00000170345;ENSG00000170345;FOS;p55;p55|C-FOS|2353|FOS|AP-1;2353;"Cluster;Outlier"
ENSG00000169047;109874;ENSG00000169047;ENSG00000169047;IRS1;IRS1;IRS1|3667|HIRS-1;3667;"Cluster;Outlier"
ENSG00000198793;108757;ENSG00000198793;ENSG00000198793;MTOR;FRAP1;FRAP1|RAFT1|2475|FRAP2|FRAP|RAPT1|MTOR;2475;"Cluster;Outlier"
ENSG00000196961;106669;ENSG00000196961;ENSG00000196961;AP2A1;AP2-ALPHA;AP2-ALPHA|ADTAA|AP2A1|CLAPA1|160;160;"Cluster;Outlier"
ENSG00000173757;112654;ENSG00000173757;ENSG00000173757;STAT5B;STAT5B;STAT5B|6777|STAT5;6777;"Cluster;Outlier"
ENSG00000120899;108480;ENSG00000120899;ENSG00000120899;PTK2B;FAK2;FAK2|CADTK|PYK2|PKB|PTK|PTK2B|FADK2|CAKB|2185|RAFTK;2185;"Cluster;Outlier"
ENSG00000137752;107284;ENSG00000137752;ENSG00000137752;CASP1;P45;P45|IL1BC|CASP1|834|ICE;834;"Cluster;Outlier"
ENSG00000170248;115332;ENSG00000170248;ENSG00000170248;PDCD6IP;PDCD6IP;PDCD6IP|ALIX|HP95|AIP1|DRIP4|10015;10015;"Cluster;Outlier"
ENSG00000106070;109144;ENSG00000106070;ENSG00000106070;GRB10;RSS;2887|RSS|GRB-IR|IRBP|MEG1|GRB10|Grb-10;2887;"Cluster;Outlier"
ENSG00000092820;113271;ENSG00000092820;ENSG00000092820;EZR;VIL2;VIL2|7430|HEL-S-105|CVL|CVIL|EZR;7430;"Cluster;Outlier"
ENSG00000133056;111305;ENSG00000133056;ENSG00000133056;PIK3C2B;RP11-739N20.5;5287|RP11-739N20.5|C2-PI3K|PIK3C2B;5287;"Cluster;Outlier"
ENSG00000158092;110770;ENSG00000158092;ENSG00000158092;NCK1;nck-1;4690|nck-1|NCK|NCKalpha|NCK1;4690;"Cluster;Outlier"
ENSG00000118523;107872;ENSG00000118523;ENSG00000118523;CTGF;IGFBP8;IGFBP8|NOV2|CCN2|HCS24|1490|CTGF;1490;"Cluster;Outlier"
ENSG00000198561;107881;ENSG00000198561;ENSG00000198561;CTNND1;P120CAS;P120CAS|1500|CAS|CTNND|CTNND1|P120CTN|p120;1500;"Cluster;Outlier"
ENSG00000142798;109571;ENSG00000142798;ENSG00000142798;HSPG2;RP11-132G19.2;3339|RP11-132G19.2|HSPG|PRCAN|SJS1|PLC|SJA|HSPG2|SJS;3339;Outlier
ENSG00000154229;111564;ENSG00000154229;ENSG00000154229;PRKCA;AAG6;AAG6|5578|PKC-alpha|PRKCA|PKCA|PRKACA;5578;Outlier
ENSG00000171150;115013;ENSG00000171150;ENSG00000171150;SOCS5;CIS6;CIS6|9655|CISH6|Cish5|SOCS5|SOCS-5;9655;"Cluster;Outlier"
ENSG00000182533;107307;ENSG00000182533;ENSG00000182533;CAV3;VIP21;VIP21|CAV3|VIP-21|LGMD1C|LQT9|859;859;"Cluster;Outlier"
ENSG00000221914;111512;ENSG00000221914;ENSG00000221914;PPP2R2A;B55A;B55A|PR55A|5520|PPP2R2A|B55ALPHA|PR52A;5520;"Cluster;Outlier"
ENSG00000185359;114593;ENSG00000185359;ENSG00000185359;HGS;HGS;9146|HGS|HRS;9146;"Cluster;Outlier"
ENSG00000111679;111742;ENSG00000111679;ENSG00000111679;PTPN6;SHP-1L;SHP-1L|SHP1|HCPH|HCP|5777|PTPN6|PTP-1C|SH-PTP1|SHP-1|HPTP1C;5777;Outlier
ENSG00000116285;119923;ENSG00000116285;ENSG00000116285;ERRFI1;ERRFI1;ERRFI1|RALT|CTA-215D11.2|54206|MIG-6|GENE-33|MIG6;54206;"Cluster;Outlier"
ENSG00000028528;112525;ENSG00000028528;ENSG00000028528;SNX1;SNX1;SNX1|HsT17379|VPS5|6642;6642;"Cluster;Outlier"
ENSG00000138592;114555;ENSG00000138592;ENSG00000138592;USP8;USP8;USP8|UBPY|9101|HumORF8|SPG59;9101;"Cluster;Outlier"
ENSG00000159733;121752;ENSG00000159733;ENSG00000159733;ZFYVE28;ZFYVE28;57732|ZFYVE28|LST2|LYST2;57732;"Cluster;Outlier"
ENSG00000149177;111759;ENSG00000149177;ENSG00000149177;PTPRJ;R-PTP-ETA;R-PTP-ETA|5795|HPTPeta|SCC1|PTPRJ|CD148|DEP1;5795;"Cluster;Outlier"
ENSG00000174791;114972;ENSG00000174791;ENSG00000174791;RIN1;RIN1;9610|RIN1;9610;"Cluster;Outlier"
ENSG00000051382;111309;ENSG00000051382;ENSG00000051382;PIK3CB;P110BETA;P110BETA|PI3K|PIK3C1|PIK3CB|5291|PI3KBETA;5291;"Cluster;Outlier"
ENSG00000183020;106670;ENSG00000183020;ENSG00000183020;AP2A2;HIP-9;HIP-9|ADTAB|HYPJ|CLAPA2|HIP9|161|AP2A2;161;"Cluster;Outlier"
ENSG00000167193;107788;ENSG00000167193;ENSG00000167193;CRK;p38;p38|1398|CRKII|CRK;1398;"Cluster;Outlier"
ENSG00000126561;112653;ENSG00000126561;ENSG00000126561;STAT5A;STAT5A;STAT5A|6776|STAT5|MGF;6776;"Cluster;Outlier"
ENSG00000107295;112353;ENSG00000107295;ENSG00000107295;SH3GL2;EEN-B1;EEN-B1|SH3P4|SH3D2A|6456|CNSA2|SH3GL2;6456;"Cluster;Outlier"
ENSG00000196689;113281;ENSG00000196689;ENSG00000196689;TRPV1;VR1;7442|VR1|TRPV1;7442;"Cluster;Outlier"
ENSG00000164045;107428;ENSG00000164045;ENSG00000164045;CDC25A;CDC25A2;993|CDC25A2|CDC25A;993;Outlier
ENSG00000143333;111936;ENSG00000143333;ENSG00000143333;RGS16;RGS16;RGS16|RGS-R|6004|A28-RGS14|A28-RGS14P;6004;"Cluster;Outlier"
ENSG00000152492;127431;ENSG00000152492;ENSG00000152492;CCDC50;C3orf6;C3orf6|152137|YMER|DFNA44|CCDC50;152137;"Cluster;Outlier"
ENSG00000145715;111856;ENSG00000145715;ENSG00000145715;RASA1;CM-AVM;CM-AVM|PKWS|RASA1|GAP|p120GAP|p120RASGAP|CMAVM|RASGAP|5921|RASA;5921;Outlier
ENSG00000143933;107256;ENSG00000143933;ENSG00000143933;CALM2;CAMII;CAMII|PHKD|PHKD2|805|CALM2;805;Outlier
ENSG00000142273;117156;ENSG00000142273;ENSG00000142273;CBLC;CBL-SL;CBL-SL|RNF57|CBLC|CBL-3|23624;23624;"Cluster;Outlier"
ENSG00000166598;113036;ENSG00000166598;ENSG00000166598;HSP90B1;HEL35;HEL35|ECGP|GP96|TRA1|GRP94|7184|HSP90B1|HEL-S-125m;7184;"Cluster;Outlier"
ENSG00000169398;111719;ENSG00000169398;ENSG00000169398;PTK2;FAK;FAK|FAK1|FADK|FRNK|pp125FAK|5747|p125FAK|PTK2|PPP1R71;5747;"Cluster;Outlier"
ENSG00000152894;111760;ENSG00000152894;ENSG00000152894;PTPRK;R-PTP-kappa;R-PTP-kappa|5796|RP3-480J14.1|PTPRK;5796;"Cluster;Outlier"
ENSG00000157168;109332;ENSG00000157168;ENSG00000157168;NRG1;NRG1-IT2;NRG1-IT2|HRGA|GGF|NRG1|MSTP131|HGL|GGF2|3084|NDF|HRG1|ARIA|SMDF|HRG|MST131;3084;Outlier
ENSG00000186575;110844;ENSG00000186575;ENSG00000186575;NF2;BANF;4771|BANF|SCH|NF2|ACN;4771;"Cluster;Outlier"
ENSG00000179295;111745;ENSG00000179295;ENSG00000179295;PTPN11;CFC;CFC|SHP2|5781|PTP2C|PTPN11|PTP-1D|NS1|BPTP3|SH-PTP3|SH-PTP2;5781;"Outlier;Overlap"
ENSG00000158458;114917;ENSG00000158458;ENSG00000158458;NRG2;HRG2;9542|HRG2|NTAK|NRG2|DON1;9542;"Cluster;Outlier"
ENSG00000105974;107305;ENSG00000105974;ENSG00000105974;CAV1;BSCL3;BSCL3|VIP21|CGL3|CAV1|857|MSTP085|PPH3|LCCNS;857;"Cluster;Outlier"
ENSG00000170606;109540;ENSG00000170606;ENSG00000170606;HSPA4;hsp70;hsp70|HSPH2|APG-2|HS24/P52|HSPA4|HEL-S-5a|RY|hsp70RY|3308;3308;Outlier
ENSG00000185634;134386;ENSG00000185634;ENSG00000185634;SHC4;SHC4;SHC4|SHCD|RaLP|UNQ6438/PRO21364|399694;399694;"Cluster;Outlier"
ENSG00000100351;114799;ENSG00000100351;ENSG00000100351;GRAP2;GrbX;GrbX|GRPL|9402|GRID|GADS|Grf40|RP3-370M22.1|Mona|P38|GRAP-2|GRAP2|GRBLG|GRB2L;9402;"Cluster;Outlier"
ENSG00000115415;112649;ENSG00000115415;ENSG00000115415;STAT1;STAT1;6772|STAT1|CANDF7|IMD31B|IMD31C|ISGF-3|STAT91|IMD31A;6772;"Cluster;Outlier"
ENSG00000196396;111736;ENSG00000196396;ENSG00000196396;PTPN1;PTPN1;PTPN1|5770|PTP1B;5770;"Cluster;Outlier"
ENSG00000144749;117489;ENSG00000105486;ENSG00000144749;LRIG1;LIG1;LIG1|LRIG1|26018|LIG-1;26018;Outlier
ENSG00000026508;107398;ENSG00000026508;ENSG00000026508;CD44;HUTCH-I;HUTCH-I|IN|CDW44|CSPG8|MIC4|ECMR-III|MDU2|MDU3|960|MC56|AL133330.1|LHR|HCELL|Pgp1|CD44;960;Outlier
ENSG00000166266;113743;ENSG00000166266;ENSG00000166266;CUL5;CUL5;CUL5|VACM1|8065|VACM-1;8065;Outlier
ENSG00000148082;119752;ENSG00000148082;ENSG00000148082;SHC3;SHC3;SHC3|SHCC|NSHC|53358|RAI|RP11-82L18.3|N-Shc;53358;"Cluster;Outlier"
ENSG00000169032;111590;ENSG00000169032;ENSG00000169032;MAP2K1;MKK1;MKK1|PRKMK1|MAP2K1|MEK1|MAPKK1|CFC3|5604;5604;"Cluster;Outlier"
ENSG00000080824;109552;ENSG00000080824;ENSG00000080824;HSP90AA1;HSP90N;HSP90N|HSPCAL1|HSP90AA1|HSPCAL4|EL52|HSP89A|HSPN|3320|Hsp89|LAP-2|HSPC1|Hsp90|LAP2|HSP90A|HSP86|HSPCA;3320;"Cluster;Outlier"
ENSG00000115904;112537;ENSG00000115904;ENSG00000115904;SOS1;GINGF;GINGF|GF1|6654|HGF|GGF1|SOS1|NS4;6654;"Cluster;Outlier"
ENSG00000197943;111352;ENSG00000197943;ENSG00000197943;PLCG2;PLC-IV;PLC-IV|RP11-510J16.3|PLCG2|PLC-gamma-2|5336|APLAID|FCAS3;5336;"Cluster;Outlier"
ENSG00000160691;112361;ENSG00000160691;ENSG00000160691;SHC1;SHC1;6464|SHC1|SHCA|RP11-307C12.1|SHC;6464;"Cluster;Outlier"
ENSG00000173801;109931;ENSG00000173801;ENSG00000173801;JUP;CTNNG;CTNNG|3728|PKGB|JUP|ARVD12|DP3|PDGB|DPIII;3728;"Cluster;Outlier"
ENSG00000141510;113010;ENSG00000141510;ENSG00000141510;TP53;TRP53;7157|TRP53|BCC7|LFS1|TP53|P53;7157;"Outlier;Overlap"
ENSG00000140575;114353;ENSG00000140575;ENSG00000140575;IQGAP1;HUMORFA01;HUMORFA01|IQGAP1|SAR1|8826|p195;8826;"Cluster;Outlier"
ENSG00000065361;108377;ENSG00000065361;ENSG00000065361;ERBB3;ErbB-3;ErbB-3|p180-ErbB3|LCCS2|c-erbB-3|2065|c-erbB3|MDA-BF-1|erbB3-S|p45-sErbB3|ERBB3|p85-sErbB3|HER3;2065;"Cluster;Outlier"
ENSG00000113328;107340;ENSG00000113328;ENSG00000113328;CCNG1;CCNG;CCNG|CCNG1|900;900;"Cluster;Overlap"
ENSG00000138764;107341;ENSG00000138764;ENSG00000138764;CCNG2;CCNG2;CCNG2|901;901;"Cluster;Outlier"
ENSG00000163235;112897;ENSG00000163235;ENSG00000163235;TGFA;TGFA;7039|TGFA|TFGA;7039;Cluster
ENSG00000083168;113703;ENSG00000083168;ENSG00000083168;KAT6A;MYST3;MYST3|ZNF220|7994|KAT6A|RUNXBP2|ZC2HC6A|MOZ;7994;"Cluster;Outlier"
ENSG00000123124;116243;ENSG00000123124;ENSG00000123124;WWP1;AIP5;AIP5|hSDRP1|Tiul1|WWP1|11059;11059;"Cluster;Outlier"
ENSG00000119630;111249;ENSG00000119630;ENSG00000119630;PGF;SHGC-10760;SHGC-10760|PlGF-2|PGFL|D12S1900|5228|PGF|PLGF;5228;Cluster
ENSG00000173511;113266;ENSG00000173511;ENSG00000173511;VEGFB;VEGFL;VEGFL|7423|VEGFB|VRF;7423;"Cluster;Overlap"
ENSG00000099250;114356;ENSG00000099250;ENSG00000099250;NRP1;NRP1;NRP1|BDCA4|CD304|RP11-342D11.1|VEGF165R|8829|NRP|NP1;8829;Cluster
ENSG00000138798;108270;ENSG00000138798;ENSG00000138798;EGF;EGF;1950|EGF|HOMG4|URG;1950;"Cluster;Outlier"
ENSG00000041982;109602;ENSG00000041982;ENSG00000041982;TNC;HXB;HXB|TN-C|TNC|GP|TN|3371|DFNA56|150-225|GMEM|JI;3371;"Cluster;Outlier"
ENSG00000129946;117302;ENSG00000129946;ENSG00000129946;SHC2;SLI;25759|SLI|SHC2|SHCB|SCK;25759;"Cluster;Outlier"
ENSG00000117222;111864;ENSG00000117222;ENSG00000117222;RBBP5;RBQ3;5929|RBQ3|RBBP5|SWD1;5929;"Cluster;Outlier"
ENSG00000114423;107316;ENSG00000114423;ENSG00000114423;CBLB;Nbla00127;Nbla00127|RNF56|868|CBLB|Cbl-b;868;"Cluster;Outlier"
ENSG00000110395;107315;ENSG00000110395;ENSG00000110395;CBL;NSLL;NSLL|RNF55|C-CBL|FRA11B|867|CBL2|CBL;867;"Cluster;Outlier"
ENSG00000115290;109145;ENSG00000115290;ENSG00000115290;GRB14;GRB14;2888|GRB14;2888;"Cluster;Outlier"
ENSG00000115145;115548;ENSG00000115145;ENSG00000115145;STAM2;Hbp;Hbp|10254|STAM2A|STAM2|STAM2B;10254;"Cluster;Outlier"
ENSG00000242689;107670;ENSG00000242689;ENSG00000242689;CNTF;CNTF;CNTF|HCNTF|1270;1270;Outlier
ENSG00000134352;109786;ENSG00000134352;ENSG00000134352;IL6ST;CD130;CD130|CDW130|GP130|3572|IL-6RB|IL6ST;3572;Outlier
ENSG00000042753;107589;ENSG00000042753;ENSG00000042753;AP2S1;FBHOk;FBHOk|HHC3|CLAPS2|FBH3|AP2S1|1175|AP17;1175;"Cluster;Outlier"
ENSG00000129219;111354;ENSG00000129219;ENSG00000129219;PLD2;PLD2;5338|PLD2;5338;"Cluster;Outlier"
ENSG00000109458;108824;ENSG00000109458;ENSG00000109458;GAB1;GAB1;GAB1|2549;2549;"Cluster;Outlier"
ENSG00000117461;114075;ENSG00000117461;ENSG00000117461;PIK3R3;p55-GAMMA;p55-GAMMA|p55|PIK3R3|8503|RP4-533D7.2;8503;"Cluster;Outlier"
ENSG00000113721;111185;ENSG00000113721;ENSG00000113721;PDGFRB;PDGFRB;PDGFRB|PDGFR1|PDGFR-1|5159|JTK12|PDGFR|IBGC4|IMF1|CD140B;5159;"Cluster;Overlap"
ENSG00000138095;115432;ENSG00000138095;ENSG00000138095;LRPPRC;CLONE-23970;10128|CLONE-23970|LSFC|GP130|LRP130|LRPPRC;10128;"Cluster;Outlier"
ENSG00000137801;112915;ENSG00000137801;ENSG00000137801;THBS1;TSP;TSP|7057|THBS|TSP-1|THBS-1|TSP1|THBS1;7057;"Cluster;Outlier"
ENSG00000136573;107109;ENSG00000136573;ENSG00000136573;BLK;BLK;BLK|640|MODY11;640;"Cluster;Outlier"
ENSG00000136504;116315;ENSG00000136504;ENSG00000136504;KAT7;MYST2;MYST2|11143|KAT7|HBO1|HBOA|ZC2HC7;11143;"Cluster;Outlier"
ENSG00000134853;111182;ENSG00000134853;ENSG00000134853;PDGFRA;PDGFR2;PDGFR2|RHEPDGFRA|PDGFRA|PDGFR-2|5156|CD140A;5156;Overlap
ENSG00000155508;114744;ENSG00000155508;ENSG00000155508;CNOT8;Caf1b;9337|Caf1b|POP2|CALIF|CAF1|hCAF1|CNOT8;9337;"Cluster;Outlier"
ENSG00000198791;118938;ENSG00000198791;ENSG00000198791;CNOT7;hCAF-1;hCAF-1|CNOT7|Caf1a|CAF1|29883;29883;"Cluster;Outlier"
ENSG00000126457;109512;ENSG00000126457;ENSG00000126457;PRMT1;IR1B4;IR1B4|HRMT1L2|PRMT1|3276|HCP1|ANM1;3276;"Cluster;Outlier"
ENSG00000133639;107159;ENSG00000133639;ENSG00000133639;BTG1;BTG1;694|BTG1;694;"Cluster;Outlier"
ENSG00000131981;110149;ENSG00000131981;ENSG00000131981;LGALS3;GAL3;GAL3|MAC2|3958|LGALS3|LGALS2|GALBP|GALIG|L31|CBP35;3958;"Cluster;Outlier"
ENSG00000130522;109930;ENSG00000130522;ENSG00000130522;JUND;JUND;3727|JUND|AP-1;3727;"Cluster;Outlier"
ENSG00000128342;110164;ENSG00000128342;ENSG00000128342;LIF;HILDA;HILDA|CDF|LIF|3976|DIA|MLPLI;3976;Outlier
ENSG00000127947;111746;ENSG00000127947;ENSG00000127947;PTPN12;tcag7.1075;tcag7.1075|5782|PTPG1|PTPN12|PTP-PEST;5782;Outlier
ENSG00000106211;109547;ENSG00000106211;ENSG00000106211;HSPB1;HEL-S-102;HEL-S-102|3315|HMN2B|Hsp25|HS.76067|HSP28|HSP27|HSPB1|CMT2F|SRP27;3315;Outlier
ENSG00000124882;108381;ENSG00000124882;ENSG00000124882;EREG;ER;2069|ER|EREG;2069;Outlier
ENSG00000197461;111180;ENSG00000197461;ENSG00000197461;PDGFA;PDGF-A;5154|PDGF-A|PDGFA|PDGF1;5154;Overlap
ENSG00000124181;111351;ENSG00000124181;ENSG00000124181;PLCG1;NCKAP3;NCKAP3|RP3-511B24.2|PLC-II|5335|PLCG1|PLCgamma1|PLC1|PLC148;5335;"Cluster;Outlier"
ENSG00000100311;111181;ENSG00000100311;ENSG00000100311;PDGFB;IBGC5;IBGC5|5155|SSV|PDGFB|PDGF2|c-sis|PDGF-2|SIS|LL22NC03-10C3.2;5155;Overlap
ENSG00000123384;110215;ENSG00000123384;ENSG00000123384;LRP1;TGFBR5;TGFBR5|APR|LRP1|APOER|4035|CD91|A2MR|LRP|IGFBP3R|LRP1A;4035;"Cluster;Outlier"
ENSG00000122756;107671;ENSG00000122756;ENSG00000122756;CNTFR;CNTFR;CNTFR|1271|RP11-296L22.1;1271;Outlier
ENSG00000122705;107621;ENSG00000122705;ENSG00000122705;CLTA;CLTA;1211|CLTA|LCA;1211;"Cluster;Outlier"
ENSG00000166949;110263;ENSG00000166949;ENSG00000166949;SMAD3;MADH3;MADH3|LDS1C|SMAD3|4088|HSPC193|LDS3|HsT17436|JV15-2;4088;Outlier
ENSG00000092969;112900;ENSG00000092969;ENSG00000092969;TGFB2;TGFB2;TGFB2|TGF-beta2|LDS4|7042;7042;Outlier
ENSG00000163513;112906;ENSG00000163513;ENSG00000163513;TGFBR2;AAT3;AAT3|LDS1B|7048|LDS2|LDS2B|TGFR-2|RIIC|MFS2|TAAD2|FAA3|TGFbeta-RII|TGFBR2;7048;Outlier
ENSG00000113658;110265;ENSG00000113658;ENSG00000113658;SMAD5;DWFC;DWFC|MADH5|JV5-1|4090|SMAD5;4090;Outlier
ENSG00000170365;110261;ENSG00000170365;ENSG00000170365;SMAD1;SMAD1;SMAD1|4086|MADH1|MADR1|JV4-1|BSP-1|JV41|BSP1;4086;Outlier
ENSG00000118816;116179;ENSG00000118816;ENSG00000118816;CCNI;CYI;CYI|CCNI|CCNI1|CYC1|10983;10983;Outlier
ENSG00000071051;114020;ENSG00000071051;ENSG00000071051;NCK2;NCK2;8440|NCK2|GRB4|NCKbeta;8440;"Cluster;Outlier"
ENSG00000112578;107167;ENSG00000112578;ENSG00000112578;BYSL;BYSTIN;BYSTIN|RP5-973N23.2|705|BYSL;705;"Cluster;Outlier"
ENSG00000112062;107819;ENSG00000112062;ENSG00000112062;MAPK14;CSBP;CSBP|p38ALPHA|CSBP2|PRKM15|SAPK2A|CSBP1|RP1-179N16.5|MAPK14|PRKM14|Mxi2|p38|1432|CSPB1|RK|EXIP;1432;"Cluster;Outlier"
ENSG00000111640;108868;ENSG00000111640;ENSG00000111640;GAPDH;G3PD;G3PD|2597|CDABP0047|GAPDH|HEL-S-162eP|GAPD;2597;Outlier
ENSG00000121022;116183;ENSG00000121022;ENSG00000121022;COPS5;COPS5;10987|COPS5|JAB1|CSN5|MOV-34|SGN5;10987;Outlier
ENSG00000145604;112393;ENSG00000145604;ENSG00000145604;SKP2;p45;p45|FBL1|FLB1|6502|FBXL1|SKP2;6502;Outlier
ENSG00000163743;117406;ENSG00000163743;ENSG00000163743;RCHY1;ZNF363;ZNF363|PRO1996|ZCHY|CHIMP|PIRH2|RCHY1|25898|ARNIP|RNF199;25898;Outlier
ENSG00000139842;114029;ENSG00000139842;ENSG00000139842;CUL4A;CUL4A;CUL4A|8451|RP11-391H12.1;8451;"Cluster;Outlier"
ENSG00000073111;110339;ENSG00000073111;ENSG00000073111;MCM2;MITOTIN;MITOTIN|D3S3194|CDCL1|cdc19|CCNL1|BM28|4171|MCM2;4171;Outlier
ENSG00000166913;113361;ENSG00000166913;ENSG00000166913;YWHAB;YWHAA;YWHAA|YWHAB|GW128|HS1|RP1-148E22.1|HEL-S-1|7529|KCIP-1;7529;Outlier
ENSG00000096968;109920;ENSG00000096968;ENSG00000096968;JAK2;THCYT3;3717|THCYT3|JTK10|JAK2;3717;Outlier
ENSG00000064012;107291;ENSG00000064012;ENSG00000064012;CASP8;ALPS2B;ALPS2B|CASP8|841|Casp-8|MCH5|MACH|FLICE|CAP4;841;Outlier
ENSG00000173207;107582;ENSG00000173207;ENSG00000173207;CKS1B;RP11-307C12.6;RP11-307C12.6|PNAS-18|ckshs1|PNAS-16|CKS1|1163|CKS1B;1163;Outlier
ENSG00000134308;116168;ENSG00000134308;ENSG00000134308;YWHAQ;YWHAQ;14-3-3|1C5|YWHAQ|HS1|10971;10971;Outlier
ENSG00000125347;109867;ENSG00000125347;ENSG00000125347;IRF1;IRF1;IRF1|IRF-1|3659|MAR;3659;Outlier
ENSG00000163806;128828;ENSG00000163806;ENSG00000163806;SPDYA;RINGO3;RINGO3|SPY1|RINGOA|SPDYA|SPDY1|245711;245711;Outlier
ENSG00000175305;114582;ENSG00000175305;ENSG00000175305;CCNE2;CYCE2;9134|CYCE2|CCNE2;9134;"Cluster;Outlier"
ENSG00000097007;106543;ENSG00000097007;ENSG00000097007;ABL1;v-abl;v-abl|bcr/abl|25|JTK7|ABL1|c-ABL1|c-ABL|RP11-83J21.1|ABL|p150;25;Outlier
ENSG00000164068;121971;ENSG00000164068;ENSG00000164068;RNF123;KPC1;KPC1|RNF123|63891|FP1477;63891;Outlier
ENSG00000114030;110034;ENSG00000114030;ENSG00000114030;KPNA1;IPOA5;3836|IPOA5|SRP1|NPI-1|RCH2|KPNA1;3836;Outlier
ENSG00000145386;107331;ENSG00000145386;ENSG00000145386;CCNA2;CCNA2;CCNA2|CCN1|CCNA|890;890;Outlier
ENSG00000008018;111662;ENSG00000008018;ENSG00000008018;PSMB1;PSC5;PSC5|PSMB1|5689|HC5|PMSB1;5689;Outlier
ENSG00000067560;106880;ENSG00000067560;ENSG00000067560;RHOA;ARH12;387|ARH12|ARHA|RHOH12|RHOA|RHO12;387;Outlier
ENSG00000118971;107334;ENSG00000118971;ENSG00000118971;CCND2;CCND2;894|CCND2|MPPH3|KIAK0002;894;"Outlier;Overlap"
ENSG00000118515;112344;ENSG00000118515;ENSG00000118515;SGK1;SGK;SGK|6446|SGK1|RP1-188K17.1;6446;Outlier
ENSG00000105173;107338;ENSG00000105173;ENSG00000105173;CCNE1;CCNE1;CCNE1|898|CCNE;898;Outlier
ENSG00000108953;113363;ENSG00000108953;ENSG00000108953;YWHAE;YWHAE;YWHAE|HEL2|MDCR|7531|14-3-3E|MDS|KCIP-1;7531;Outlier
ENSG00000142208;106710;ENSG00000142208;ENSG00000142208;AKT1;PRKBA;PRKBA|RAC|PKB|CWS6|207|AKT1|AKT|RAC-ALPHA|PKB-ALPHA;207;Outlier
ENSG00000117676;112109;ENSG00000117676;ENSG00000117676;RPS6KA1;HU-1;HU-1|RSK1|MAPKAPK1A|RP11-492M19.2|RPS6KA1|p90Rsk|RSK|6195;6195;Outlier
ENSG00000164924;113366;ENSG00000164924;ENSG00000164924;YWHAZ;YWHAD;14-3-3-zeta|YWHAD|HEL4|7534|HEL-S-3|YWHAZ|KCIP-1;7534;Outlier
ENSG00000177885;109142;ENSG00000177885;ENSG00000177885;GRB2;NCKAP2;NCKAP2|MST084|2885|ASH|Grb3-3|GRB2|MSTP084|EGFRBP-GRB2;2885;"Cluster;Outlier"
ENSG00000132646;111142;ENSG00000132646;ENSG00000132646;PCNA;PCNA;PCNA|5111|ATLD2;5111;Outlier
ENSG00000151876;117656;ENSG00000151876;ENSG00000151876;FBXO4;FBXO4;26272|FBXO4|FBX4;26272;"Cluster;Outlier"
ENSG00000082701;109187;ENSG00000082701;ENSG00000082701;GSK3B;GSK3B;2932|GSK3B;2932;Outlier
ENSG00000139687;111860;ENSG00000139687;ENSG00000139687;RB1;RB1;RB1|OSRC|RB|PPP1R130|pRb|p105-Rb|RP11-174I10.1|pp110|5925;5925;"Cluster;Outlier"
ENSG00000124762;107460;ENSG00000124762;ENSG00000124762;CDKN1A;CDKN1A;CDKN1A|1026|CIP1|p21CIP1|CDKN1|WAF1|CAP20|P21|MDA-6|SDI1;1026;"Outlier;Overlap"
ENSG00000170312;107420;ENSG00000170312;ENSG00000170312;CDK1;P34CDC2;983|P34CDC2|CDK1|CDC28A|CDC2;983;Outlier
ENSG00000133703;110043;ENSG00000133703;ENSG00000133703;KRAS;KI-RAS;KI-RAS|NS|RASK2|CFC2|K-RAS2B|K-RAS2A|K-RAS4B|NS3|K-RAS4A|KRAS|C-K-RAS|3845|KRAS2|KRAS1;3845;"Cluster;Outlier"
ENSG00000171720;114368;ENSG00000171720;ENSG00000171720;HDAC3;HDAC3;HDAC3|HD3|RPD3-2|8841|RPD3;8841;"Cluster;Outlier"
ENSG00000174775;109501;ENSG00000174775;ENSG00000174775;HRAS;C-H-RAS;C-H-RAS|HAMSV|p21ras|3265|C-BAS/HAS|HRAS1|CTLO|H-RASIDX|HRAS|C-HA-RAS1|RASH1;3265;"Outlier;Overlap"
ENSG00000164885;107455;ENSG00000164885;ENSG00000164885;CDK5;CDK5;CDK5|1020|PSSALRE;1020;"Outlier;Overlap"
ENSG00000114166;114375;ENSG00000114166;ENSG00000114166;KAT2B;KAT2B;8850|KAT2B|P/CAF|CAF|PCAF;8850;Outlier
ENSG00000134057;107332;ENSG00000134057;ENSG00000134057;CCNB1;CCNB1;891|CCNB1|CCNB;891;Outlier
ENSG00000166946;117117;ENSG00000166946;ENSG00000166946;CCNDBP1;GCIP;GCIP|23582|DIP1|CCNDBP1|HHM;23582;Outlier
ENSG00000150991;113164;ENSG00000150991;ENSG00000150991;UBC;UBC;UBC|7316|HMG20;7316;Outlier
ENSG00000168610;112651;ENSG00000168610;ENSG00000168610;STAT3;ADMIO;ADMIO|6774|STAT3|APRF|HIES;6774;"Cluster;Outlier"
ENSG00000105810;107456;ENSG00000105810;ENSG00000105810;CDK6;CDK6;CDK6|PLSTIRE|MCPH12|1021;1021;"Cluster;Outlier"
ENSG00000115966;107776;ENSG00000115966;ENSG00000115966;ATF2;CREB2;CREB2|ATF2|1386|CREB-2|TREB7|CRE-BP1|HB16;1386;Outlier
ENSG00000004897;107431;ENSG00000004897;ENSG00000004897;CDC27;CDC27Hs;CDC27Hs|APC3|NUC2|HNUC|996|D0S1430E|CDC27|ANAPC3|H-NUC|D17S978E;996;Outlier
ENSG00000166508;110344;ENSG00000166508;ENSG00000166508;MCM7;P1.1-MCM3;P1.1-MCM3|4176|MCM7|P1CDC47|CDC47|PNAS146|P85MCM|PPP1R104|MCM2;4176;"Cluster;Outlier"
ENSG00000039068;107434;ENSG00000039068;ENSG00000039068;CDH1;LCAM;LCAM|CDHE|ECAD|CDH1|999|CD324|Arc-1|UVO;999;"Cluster;Outlier"
ENSG00000066044;108309;ENSG00000066044;ENSG00000066044;ELAVL1;HUR;1994|HUR|Hua|MelG|ELAV1|ELAVL1;1994;Outlier
ENSG00000148737;112795;ENSG00000148737;ENSG00000148737;TCF7L2;RP11-357H24.1;RP11-357H24.1|TCF7L2|TCF-4|TCF4|6934;6934;Outlier
ENSG00000169083;106862;ENSG00000169083;ENSG00000169083;AR;DHTR;DHTR|HYSP1|SBMA|AIS|AR|NR3C4|367|SMAX1|RP11-383C12.1|KD|TFM|HUMARA;367;Outlier
ENSG00000103479;111869;ENSG00000103479;ENSG00000103479;RBL2;RBL2;RBL2|Rb2|P130|5934;5934;"Cluster;Outlier"
ENSG00000100902;111660;ENSG00000100902;ENSG00000100902;PSMA6;PSMA6;PSMA6|IOTA|p27K|PROS27|5687;5687;Outlier
ENSG00000173039;111902;ENSG00000173039;ENSG00000173039;RELA;NFKB3;5970|NFKB3|RELA|p65;5970;Outlier
ENSG00000173404;109853;ENSG00000173404;ENSG00000173404;INSM1;IA1;IA1|3642|INSM1|IA-1;3642;"Cluster;Outlier"
ENSG00000124151;113841;ENSG00000124151;ENSG00000124151;NCOA3;RP5-1049G16.3;RP5-1049G16.3|8202|NCOA3|TNRC14|AIB-1|AIB1|SRC3|pCIP|CTG26|CAGH16|bHLHe42|KAT13B|TRAM-1|TNRC16|RAC3|SRC-3|ACTR;8202;Outlier
ENSG00000103264;122890;ENSG00000103264;ENSG00000103264;FBXO31;Fbx31;Fbx31|MRT45|FBX14|FBXO14|79791|PP2386|FBXO31;79791;"Cluster;Outlier"
ENSG00000129757;107462;ENSG00000129757;ENSG00000129757;CDKN1C;CDKN1C;CDKN1C|1028|KIP2|p57|p57Kip2|WBS|BWCR|BWS;1028;"Outlier;Overlap"
ENSG00000162992;110833;ENSG00000162992;ENSG00000162992;NEUROD1;NEUROD1;NEUROD1|BETA2|bHLHa3|4760|BHF-1|NEUROD|MODY6;4760;Outlier
ENSG00000055130;114032;ENSG00000055130;ENSG00000055130;CUL1;CUL1;8454|CUL1;8454;"Cluster;Outlier"
ENSG00000012048;107140;ENSG00000012048;ENSG00000012048;BRCA1;RNF53;RNF53|672|IRIS|BRCAI|PNCA4|PSCP|BROVCA1|BRCC1|FANCS|PPP1R53|BRCA1;672;Outlier
ENSG00000123374;107452;ENSG00000123374;ENSG00000123374;CDK2;p33;p33|1017|CDK2|CDKN2;1017;"Cluster;Outlier"
ENSG00000133101;114417;ENSG00000133101;ENSG00000133101;CCNA1;CCNA1;CCNA1|CT146|8900;8900;Outlier
ENSG00000100393;108347;ENSG00000100393;ENSG00000100393;EP300;p300;p300|KAT3B|RSTS2|2033|EP300|RP1-85F18.1;2033;"Cluster;Outlier"
ENSG00000082898;113348;ENSG00000082898;ENSG00000082898;XPO1;XPO1;XPO1|7514|emb|exp1|CRM1;7514;Outlier
ENSG00000135446;107454;ENSG00000135446;ENSG00000135446;CDK4;CDK4;1019|CDK4|PSK-J3|CMM3;1019;"Cluster;Outlier"
ENSG00000147133;112735;ENSG00000147133;ENSG00000147133;TAF1;BA2R;BA2R|6872|TAFII250|XDP|N-TAF1|CCGS|DYT3|CCG1|DYT3/TAF1|KAT4|NSCL2|TAF2A|OF|P250|TAF|TAFII-250|TAF1;6872;"Cluster;Outlier"
ENSG00000116478;109315;ENSG00000116478;ENSG00000116478;HDAC1;GON-10;GON-10|HD1|HDAC1|RPD3L1|3065|RPD3|RP4-811H24.2;3065;"Cluster;Outlier"
ENSG00000205250;108206;ENSG00000205250;ENSG00000205250;E2F4;E2F-4;1874|E2F-4|E2F4;1874;"Cluster;Outlier"
ENSG00000168036;107880;ENSG00000168036;ENSG00000168036;CTNNB1;MRD19;1499|MRD19|CTNNB|armadillo|OK/SW-cl.35|CTNNB1;1499;"Cluster;Outlier"
ENSG00000113558;112391;ENSG00000113558;ENSG00000113558;SKP1;TCEB1L;TCEB1L|OCP2|EMC19|OCP-II|6500|p19A|SKP1A|SKP1;6500;Outlier
ENSG00000197122;112592;ENSG00000197122;ENSG00000197122;SRC;RP5-823N20.1;RP5-823N20.1|c-SRC|ASV|SRC|p60-Src|SRC1|6714;6714;"Cluster;Outlier"
ENSG00000109971;109544;ENSG00000109971;ENSG00000109971;HSPA8;HSPA8;HSPA8|HSP71|NIP71|HEL-S-72p|HSPA10|HSC54|HSC70|HSC71|HEL-33|LAP-1|LAP1|3312|HSP73;3312;"Cluster;Outlier"
ENSG00000085117;109935;ENSG00000085117;ENSG00000085117;CD82;R2;R2|TSPAN27|C33|CD82|ST6|4F9|SAR2|3732|IA4|KAI1|GR15;3732;Outlier
ENSG00000133895;110384;ENSG00000133895;ENSG00000133895;MEN1;MEAI;MEAI|4221|SCG2|MEN1;4221;"Cluster;Outlier"
ENSG00000109320;110857;ENSG00000109320;ENSG00000109320;NFKB1;NF-kappa-B;NF-kappa-B|KBF1|4790|NFKB-p105|NF-kappaB|p50|NFKB1|NFKB-p50|NF-kB1|p105|EBP-1|NFkappaB;4790;"Cluster;Outlier"
ENSG00000077684;123029;ENSG00000077684;ENSG00000077684;JADE1;JADE1;79960|JADE1|PHF17;79960;"Cluster;Outlier"
ENSG00000182866;110124;ENSG00000182866;ENSG00000182866;LCK;RP4-675E8.4;RP4-675E8.4|p56lck|LCK|LSK|IMD22|YT16|3932|pp58lck;3932;"Cluster;Outlier"
ENSG00000115085;113367;ENSG00000115085;ENSG00000115085;ZAP70;ZAP-70;ZAP-70|ZAP70|STD|STCD|TZK|7535|SRK;7535;Outlier
ENSG00000105971;107306;ENSG00000105971;ENSG00000105971;CAV2;CAV2;CAV2|CAV|858;858;"Cluster;Outlier"
ENSG00000105647;111314;ENSG00000105647;ENSG00000105647;PIK3R2;P85B;P85B|5296|MPPH1|PIK3R2|p85-BETA|p85|MPPH;5296;"Cluster;Outlier"
ENSG00000105401;116312;ENSG00000105401;ENSG00000105401;CDC37;CDC37;11140|CDC37|P50CDC37;11140;"Cluster;Outlier"
ENSG00000076641;120931;ENSG00000076641;ENSG00000076641;PAG1;CBP;CBP|PAG|55824|PAG1;55824;"Cluster;Outlier"
ENSG00000103653;107832;ENSG00000103653;ENSG00000103653;CSK;CSK;1445|CSK;1445;"Cluster;Outlier"
ENSG00000103266;115563;ENSG00000103266;ENSG00000103266;STUB1;HSPABP2;HSPABP2|CHIP|10273|UBOX1|NY-CO-7|SCAR16|LA16c-313D11.6|STUB1|SDCCAG7;10273;"Cluster;Outlier"
ENSG00000103197;113100;ENSG00000103197;ENSG00000103197;TSC2;PPP1R160;PPP1R160|TSC4|7249|TSC2|LAM;7249;Outlier
ENSG00000100485;112538;ENSG00000100485;ENSG00000100485;SOS2;SOS2;6655|SOS2;6655;"Cluster;Outlier"
ENSG00000168395;124016;ENSG00000168395;ENSG00000168395;ING5;ING5;ING5|84289|p28ING5;84289;"Cluster;Outlier"
ENSG00000100425;117273;ENSG00000100425;ENSG00000100425;BRD1;BRD1;BRD1|BRPF1|BRPF2|23774|RP3-522J7.4|BRL;23774;"Cluster;Outlier"
ENSG00000100387;115301;ENSG00000100387;ENSG00000100387;RBX1;RNF75;RNF75|RP11-554C12.1|BA554C12.1|9978|ROC1|RBX1;9978;Outlier
ENSG00000100030;111580;ENSG00000100030;ENSG00000100030;MAPK1;PRKM1;PRKM1|5594|PRKM2|p41mapk|ERT1|p41|p40|P42MAPK|ERK-2|ERK2|p38|p42-MAPK|MAPK2|MAPK1|ERK;5594;Outlier
ENSG00000113594;110165;ENSG00000113594;ENSG00000113594;LIFR;SJS2;SJS2|CD118|LIFR|STWS|3977|SWS|LIF-R;3977;Outlier
ENSG00000099985;111049;ENSG00000099985;ENSG00000099985;OSM;OSM;OSM|5008;5008;Outlier
ENSG00000111276;107461;ENSG00000111276;ENSG00000111276;CDKN1B;CDKN4;CDKN4|1027|CDKN1B|MEN1B|MEN4|P27KIP1|KIP1;1027;Outlier
ENSG00000099804;107432;ENSG00000099804;ENSG00000099804;CDC34;E2-CDC34;E2-CDC34|CDC34|997|UBE2R1|UBC3|UBCH3;997;Outlier
ENSG00000110092;107067;ENSG00000110092;ENSG00000110092;CCND1;PRAD1;595|PRAD1|CCND1|D11S287E|BCL1|U21B31;595;"Cluster;Outlier"
ENSG00000091831;108403;ENSG00000091831;ENSG00000091831;ESR1;ESR;ESR|ESTRR|Era|2099|RP1-130E4.1|ESR1|ER|ESRA|NR3A1;2099;"Cluster;Outlier"
ENSG00000141736;108376;ENSG00000141736;ENSG00000141736;ERBB2;CD340;CD340|MLN 19|TKR1|NGL|ERBB2|HER-2/neu|2064|HER2|HER-2|NEU;2064;"Cluster;Outlier"
ENSG00000132470;109897;ENSG00000132470;ENSG00000132470;ITGB4;ITGB4;3691|ITGB4|CD104;3691;"Cluster;Outlier"
ENSG00000112576;107336;ENSG00000112576;ENSG00000112576;CCND3;CCND3;CCND3|896|RP5-973N23.3;896;Outlier
ENSG00000146648;108276;ENSG00000146648;ENSG00000146648;EGFR;PIG61;PIG61|ERBB1|mENA|ERBB|HER1|NISBD2|1956|EGFR;1956;"Cluster;Outlier"
ENSG00000178568;108378;ENSG00000178568;ENSG00000178568;ERBB4;ERBB4;ERBB4|ALS19|2066|p180erbB4|HER4;2066;"Outlier;Overlap"
ENSG00000011465;108002;ENSG00000011465;ENSG00000011465;DCN;PGII;1634|PGII|PGS2|PG40|DSPG2|SLRR1B|DCN|CSCD;1634;Outlier
ENSG00000004468;107390;ENSG00000004468;ENSG00000004468;CD38;T10;T10|ADPRC 1|952|CD38;952;"Cluster;Outlier"
ENSG00000010610;107358;ENSG00000010610;ENSG00000010610;CD4;CD4;CD4|CD4mut|920;920;Outlier
ENSG00000113070;108172;ENSG00000113070;ENSG00000113070;HBEGF;DTS;DTS|DTR|DTSF|HEGFL|1839|HBEGF;1839;"Outlier;Overlap"